null;null;FD0000000;Продукты
null;null;FR0000000;Продукты с коротким сроком годности
FD0000000;Продукты;FD0200000;Бакалея
FD0000000;Продукты;FD0500000;Диабетическое питание
FD0000000;Продукты;FD0600000;Кондитерские изделия
FD0000000;Продукты;FD0700000;Корма для животных
FD0000000;Продукты;FD0800000;Соки, воды, пиво
FD0000000;Продукты;FD1100000;Хлеб, хлебобулочные изделия
FR0000000;Продукты с коротким сроком годности;FR0400000;Замороженные продукты
FR0000000;Продукты с коротким сроком годности;FR0600000;Молочная гастрономия
FR0000000;Продукты с коротким сроком годности;FR0700000;Мясная гастрономия
FR0000000;Продукты с коротким сроком годности;FR0800000;Мясо и мясные изделия
FR0000000;Продукты с коротким сроком годности;FR0900000;Овощи - Фрукты
FR0000000;Продукты с коротким сроком годности;FR1000000;Рыба и рыбные изделия
FR0000000;Продукты с коротким сроком годности;FR1100000;Рыбная гастрономия
FR0000000;Продукты с коротким сроком годности;FR1300000;Птица и изделия из птицы
FD0200000;Бакалея;FD0201000;Варенье, мёд
FD0200000;Бакалея;FD0202000;Горчица, хрен
FD0200000;Бакалея;FD0203000;Грибы сушеные
FD0200000;Бакалея;FD0204000;Консервы мясные
FD0200000;Бакалея;FD0205000;Консервы овощные
FD0200000;Бакалея;FD0206000;Консервы рыбные
FD0200000;Бакалея;FD0207000;Консервы фруктовые, ягодные
FD0200000;Бакалея;FD0208000;Концентраты
FD0200000;Бакалея;FD0209000;Кофе, какао, шоколад
FD0200000;Бакалея;FD0210000;Крупы и зерновые
FD0200000;Бакалея;FD0211000;Макаронные изделия
FD0200000;Бакалея;FD0212000;Масло растительное
FD0200000;Бакалея;FD0213000;Мука
FD0200000;Бакалея;FD0214000;Орехи
FD0200000;Бакалея;FD0215000;Питание для спортсменов
FD0200000;Бакалея;FD0216000;Продукция быстрого приготовления
FD0200000;Бакалея;FD0217000;Сахар
FD0200000;Бакалея;FD0218000;Семечки
FD0200000;Бакалея;FD0219000;Соль
FD0200000;Бакалея;FD0220000;Соусы
FD0200000;Бакалея;FD0221000;Специи
FD0200000;Бакалея;FD0222000;Сухие завтраки, мюсли
FD0200000;Бакалея;FD0223000;Сухие компоненты и смеси
FD0200000;Бакалея;FD0224000;Сухофрукты
FD0200000;Бакалея;FD0225000;Уксус
FD0200000;Бакалея;FD0226000;Чай
FD0200000;Бакалея;FD0227000;БАД
FD0600000;Кондитерские изделия;FD0601000;Вафли
FD0600000;Кондитерские изделия;FD0602000;Восточные сладости, халва
FD0600000;Кондитерские изделия;FD0603000;Жевательная резинка
FD0600000;Кондитерские изделия;FD0604000;Зефир, мармелад, пастила
FD0600000;Кондитерские изделия;FD0605000;Кексы, рулеты
FD0600000;Кондитерские изделия;FD0606000;Конфеты
FD0600000;Кондитерские изделия;FD0607000;Печенье, крекер
FD0600000;Кондитерские изделия;FD0608000;Пряники
FD0600000;Кондитерские изделия;FD0610000;Чипсы
FD0600000;Кондитерские изделия;FD0611000;Шоколад, батончики
FD0600000;Кондитерские изделия;FD0612000;Шоколадные пасты
FD0700000;Корма для животных;FD0701000;Витамины, добавки для животных
FD0700000;Корма для животных;FD0702000;Корма для других животных
FD0700000;Корма для животных;FD0703000;Корма для кошек
FD0700000;Корма для животных;FD0704000;Корма для собак
FD0800000;Соки, воды, пиво;FD0802000;Вода
FD0800000;Соки, воды, пиво;FD0803000;Напитки, квас, тоник
FD0800000;Соки, воды, пиво;FD0804000;Пиво
FD0800000;Соки, воды, пиво;FD0805000;Соки, нектары
FD1100000;Хлеб, хлебобулочные изделия;FD1101000;Бараночные изделия
FD1100000;Хлеб, хлебобулочные изделия;FD1102000;Пироги, изделия сдобные
FD1100000;Хлеб, хлебобулочные изделия;FD1103000;Сухарные изделия
FD1100000;Хлеб, хлебобулочные изделия;FD1104000;Хлеб прочий
FD1100000;Хлеб, хлебобулочные изделия;FD1105000;Хлеб пшеничный
FD1100000;Хлеб, хлебобулочные изделия;FD1106000;Хлеб ржаной
FR0400000;Замороженные продукты;FR0401000;Замороженная плодоовощная продукция
FR0400000;Замороженные продукты;FR0402000;Замороженное мясо и субпродукты
FR0400000;Замороженные продукты;FR0403000;Замороженное мясо птицы
FR0400000;Замороженные продукты;FR0404000;Замороженные морепродукты
FR0400000;Замороженные продукты;FR0405000;Замороженные полуфабрикаты
FR0400000;Замороженные продукты;FR0406000;Замороженные торты, пирожные
FR0400000;Замороженные продукты;FR0407000;Мороженое
FR0400000;Замороженные продукты;FR0408000;Рыба замороженная
FR0400000;Замороженные продукты;FR0409000;Замороженные масложировые продукты
FR0600000;Молочная гастрономия;FR0601000;Десерты
FR0600000;Молочная гастрономия;FR0603000;Масложировые продукты
FR0600000;Молочная гастрономия;FR0604000;Молоко
FR0600000;Молочная гастрономия;FR0605000;Сливки
FR0600000;Молочная гастрономия;FR0606000;Сыры
FR0600000;Молочная гастрономия;FR0607000;Яйцо
FR0600000;Молочная гастрономия;FR0608000;Кисломолочная продукция
FR0600000;Молочная гастрономия;FR0609000;Кисломолочная продукция
FR0700000;Мясная гастрономия;FR0701000;Колбасные изделия
FR0700000;Мясная гастрономия;FR0702000;Копчености из говядины
FR0700000;Мясная гастрономия;FR0703000;Копчености из других видов мяса
FR0700000;Мясная гастрономия;FR0704000;Копчености из мяса птицы
FR0700000;Мясная гастрономия;FR0705000;Копчености из свинины
FR0700000;Мясная гастрономия;FR0706000;Деликатесы
FR0800000;Мясо и мясные изделия;FR0801000;Мясо и П/Ф охлажденые
FR0800000;Мясо и мясные изделия;FR0802000;Собственное производство (Мясные изд.)
FR0800000;Мясо и мясные изделия;FR0803000;Фарш
FR0900000;Овощи - Фрукты;FR0905000;Овощи/Грибы
FR0900000;Овощи - Фрукты;FR0906000;Овощи/Зелень
FR0900000;Овощи - Фрукты;FR0907000;Фрукты/Ягоды
FR0900000;Овощи - Фрукты;FR0908000;Фрукты/Экзотика
FR1000000;Рыба и рыбные изделия;FR1001000;Охлажденные морепродукты, ракообразные
FR1000000;Рыба и рыбные изделия;FR1002000;Рыба живая
FR1000000;Рыба и рыбные изделия;FR1003000;Рыба охлажденная
FR1000000;Рыба и рыбные изделия;FR1004000;Собственное производство (Рыбные изд.)
FR1100000;Рыбная гастрономия;FR1101000;Икра
FR1100000;Рыбная гастрономия;FR1102000;Крабовые палочки и мясо охлажденные
FR1100000;Рыбная гастрономия;FR1103000;Пресервы
FR1100000;Рыбная гастрономия;FR1104000;Рыба вяленая, сушеная
FR1100000;Рыбная гастрономия;FR1105000;Рыба копченая
FR1100000;Рыбная гастрономия;FR1106000;Рыба соленая
FR1100000;Рыбная гастрономия;FR1107000;Рыбная кулинария
FR1300000;Птица и изделия из птицы;FR1301000;Птица и П/Ф охлажденые
FR1300000;Птица и изделия из птицы;FR1302000;Собственное производство
FD0201000;Варенье, мёд;FD0201001;Варенье
FD0201000;Варенье, мёд;FD0201002;Джем, конфитюры, повидло
FD0201000;Варенье, мёд;FD0201003;Мёд
FD0202000;Горчица, хрен;FD0202001;Горчица
FD0202000;Горчица, хрен;FD0202002;Хрен
FD0203000;Грибы сушеные;FD0203001;Грибы сушеные
FD0204000;Консервы мясные;FD0204001;Ветчина консервированная
FD0204000;Консервы мясные;FD0204002;Говядина тушеная
FD0204000;Консервы мясные;FD0204003;Паштеты консервированные
FD0204000;Консервы мясные;FD0204004;Пр. мясные консервы
FD0204000;Консервы мясные;FD0204005;Свинина тушеная
FD0205000;Консервы овощные;FD0205001;Горошек консервированный
FD0205000;Консервы овощные;FD0205002;Грибы консервированные
FD0205000;Консервы овощные;FD0205003;Икра овощная и грибная
FD0205000;Консервы овощные;FD0205004;Кукуруза консервированная
FD0205000;Консервы овощные;FD0205006;Овощные смеси консервированные
FD0205000;Консервы овощные;FD0205007;Огурцы консервировавнные
FD0205000;Консервы овощные;FD0205008;Перец консерванный, лечо
FD0205000;Консервы овощные;FD0205010;Томаты консервированные
FD0205000;Консервы овощные;FD0205011;Фасоль консервированная
FD0205000;Консервы овощные;FD0205012;Маслины
FD0205000;Консервы овощные;FD0205013;Оливки
FD0206000;Консервы рыбные;FD0206001;Лососевые консервы
FD0206000;Консервы рыбные;FD0206002;Морепродукты
FD0206000;Консервы рыбные;FD0206003;Консервы печени рыб
FD0206000;Консервы рыбные;FD0206005;Шпроты
FD0206000;Консервы рыбные;FD0206006;Сайра
FD0206000;Консервы рыбные;FD0206007;Скумбрия
FD0206000;Консервы рыбные;FD0206008;Тунец
FD0206000;Консервы рыбные;FD0206009;Килька, Бычки
FD0206000;Консервы рыбные;FD0206010;Сардина, Сардинелла
FD0206000;Консервы рыбные;FD0206011;Морские деликатесы
FD0206000;Консервы рыбные;FD0206012;Морские салаты
FD0206000;Консервы рыбные;FD0206013;Икра рыб
FD0206000;Консервы рыбные;FD0206014;Готовые рыбные блюда
FD0206000;Консервы рыбные;FD0206015;Паштеты рыбные
FD0207000;Консервы фруктовые, ягодные;FD0207001;Ананасы консервированные
FD0207000;Консервы фруктовые, ягодные;FD0207002;Компоты консервированные
FD0207000;Консервы фруктовые, ягодные;FD0207003;Персики консервированные
FD0207000;Консервы фруктовые, ягодные;FD0207005;Пюре фрукто-ягодное
FD0208000;Концентраты;FD0208001;Концентраты
FD0208000;Концентраты;FD0208002;Сиропы
FD0209000;Кофе, какао, шоколад;FD0209001;Какао,шоколад растворимый
FD0209000;Кофе, какао, шоколад;FD0209002;Кофе в зёрнах
FD0209000;Кофе, какао, шоколад;FD0209003;Кофе в чалдах
FD0209000;Кофе, какао, шоколад;FD0209004;Кофе весовой
FD0209000;Кофе, какао, шоколад;FD0209005;Кофе молотый
FD0209000;Кофе, какао, шоколад;FD0209006;Кофе растворимый
FD0210000;Крупы и зерновые;FD0210001;Горох
FD0210000;Крупы и зерновые;FD0210002;Гречка
FD0210000;Крупы и зерновые;FD0210003;Манная крупа
FD0210000;Крупы и зерновые;FD0210005;Пшено
FD0210000;Крупы и зерновые;FD0210006;Рис
FD0210000;Крупы и зерновые;FD0210007;Фасоль
FD0210000;Крупы и зерновые;FD0210008;Хлопья зерновые
FD0210000;Крупы и зерновые;FD0210009;Чечевица
FD0211000;Макаронные изделия;FD0211001;Макаронные изделия
FD0211000;Макаронные изделия;FD0211002;Спагетти
FD0212000;Масло растительное;FD0212001;Масло кукурузное
FD0212000;Масло растительное;FD0212002;Масло оливковое
FD0212000;Масло растительное;FD0212003;Масло подсолнечное
FD0213000;Мука;FD0213001;Мука блинная
FD0213000;Мука;FD0213002;Мука пшеничная
FD0213000;Мука;FD0213003;Мука ржаная
FD0214000;Орехи;FD0214001;Арахис
FD0214000;Орехи;FD0214002;Грецкий орех
FD0214000;Орехи;FD0214003;Кедровый орех
FD0214000;Орехи;FD0214004;Кешью
FD0214000;Орехи;FD0214005;Миндаль
FD0214000;Орехи;FD0214007;Смеси орехов
FD0214000;Орехи;FD0214008;Фисташки
FD0214000;Орехи;FD0214009;Фундук
FD0215000;Питание для спортсменов;FD0215001;Питание для спортсменов
FD0216000;Продукция быстрого приготовления;FD0216001;Бульоны сухие
FD0216000;Продукция быстрого приготовления;FD0216002;Каша быстрого приготовления
FD0216000;Продукция быстрого приготовления;FD0216003;Лапша быстрого приготовления
FD0216000;Продукция быстрого приготовления;FD0216005;Пюре быстрого приготовления
FD0216000;Продукция быстрого приготовления;FD0216006;Супы быстрого приготовления
FD0216000;Продукция быстрого приготовления;FD0216007;Супы готовые жидкие
FD0216000;Продукция быстрого приготовления;FD0216008;Супы сухие для варки
FD0217000;Сахар;FD0217001;Тростниковый
FD0217000;Сахар;FD0217002;Сахар-песок
FD0217000;Сахар;FD0217003;Сахар-рафинад
FD0218000;Семечки;FD0218002;Семечки подсолнечные
FD0218000;Семечки;FD0218003;Семечки тыквенные
FD0218000;Семечки;FD0218004;Семечки белые турецкие
FD0219000;Соль;FD0219001;Соль морская
FD0219000;Соль;FD0219002;Соль поваренная
FD0220000;Соусы;FD0220002;Соусы на май. основе
FD0220000;Соусы;FD0220003;Кетчупы
FD0220000;Соусы;FD0220004;Соусы соевые
FD0220000;Соусы;FD0220005;Соусы фрукт, ягодные
FD0220000;Соусы;FD0220006;Томатная паста
FD0220000;Соусы;FD0220007;Соусы на майонезной основе
FD0220000;Соусы;FD0220008;Соусы д/горячих блюд
FD0220000;Соусы;FD0220009;Томатные соусы
FD0220000;Соусы;FD0220010;Аджика
FD0220000;Соусы;FD0220011;Этнические
FD0220000;Соусы;FD0220012;Горчица
FD0220000;Соусы;FD0220013;Хрен
FD0220000;Соусы;FD0220014;Бальзамические соусы
FD0220000;Соусы;FD0220015;Десертные соусы
FD0221000;Специи;FD0221001;Специи,приправы,маринады
FD0221000;Специи;FD0221003;Приправы
FD0221000;Специи;FD0221004;Маринады
FD0221000;Специи;FD0221005;Смеси для вторых блюд
FD0221000;Специи;FD0221006;Универсальные
FD0222000;Сухие завтраки, мюсли;FD0222001;Кукурузные палочки
FD0222000;Сухие завтраки, мюсли;FD0222002;Мюсли
FD0222000;Сухие завтраки, мюсли;FD0222003;Попкорн, кукуруза
FD0222000;Сухие завтраки, мюсли;FD0222004;Сухие завтраки
FD0222000;Сухие завтраки, мюсли;FD0222006;Готовый попкорн
FD0223000;Сухие компоненты и смеси;FD0223001;Дрожжи
FD0223000;Сухие компоненты и смеси;FD0223002;Желатин
FD0223000;Сухие компоненты и смеси;FD0223003;Крахмал
FD0223000;Сухие компоненты и смеси;FD0223004;Молоко сухое
FD0223000;Сухие компоненты и смеси;FD0223006;Сливки сухие
FD0223000;Сухие компоненты и смеси;FD0223007;Смесь для выпечки
FD0223000;Сухие компоненты и смеси;FD0223008;Сода
FD0223000;Сухие компоненты и смеси;FD0223009;Сухие десерты
FD0223000;Сухие компоненты и смеси;FD0223010;Сухие напитки
FD0224000;Сухофрукты;FD0224001;Изюм
FD0224000;Сухофрукты;FD0224002;Курага
FD0224000;Сухофрукты;FD0224004;Смеси сухофруктов и орехов
FD0224000;Сухофрукты;FD0224005;Финики
FD0224000;Сухофрукты;FD0224006;Чернослив
FD0225000;Уксус;FD0225002;Уксус столовый
FD0226000;Чай;FD0226001;Чаи травяные
FD0226000;Чай;FD0226002;Чай Ассорти
FD0226000;Чай;FD0226003;Чай весовой
FD0226000;Чай;FD0226004;Чай зеленый
FD0226000;Чай;FD0226005;Чай фруктовый
FD0226000;Чай;FD0226006;Чай чёрный
FD0227000;БАД;FD0227001;Добавки для здоровья
FD0227000;БАД;FD0227002;Витамины
FD0601000;Вафли;FD0601001;Вафли
FD0601000;Вафли;FD0601002;Вафли мягкие
FD0601000;Вафли;FD0601003;Торты  вафельные
FD0601000;Вафли;FD0601004;Вафельные трубочки
FD0602000;Восточные сладости, халва;FD0602001;Восточные сладости
FD0602000;Восточные сладости, халва;FD0602002;Халва, Козинак и пр.
FD0603000;Жевательная резинка;FD0603001;Жевательная резинка
FD0604000;Зефир, мармелад, пастила;FD0604001;Зефир
FD0604000;Зефир, мармелад, пастила;FD0604002;Мармелад
FD0604000;Зефир, мармелад, пастила;FD0604003;Пастила
FD0605000;Кексы, рулеты;FD0605001;Кексы, куличи
FD0605000;Кексы, рулеты;FD0605002;Круассаны
FD0605000;Кексы, рулеты;FD0605003;Рулеты
FD0605000;Кексы, рулеты;FD0605004;Пирожное с длительным сроком хранения
FD0605000;Кексы, рулеты;FD0605005;Торты с длительным сроком хранения
FD0606000;Конфеты;FD0606001;Драже
FD0606000;Конфеты;FD0606002;Ирис
FD0606000;Конфеты;FD0606003;Карамель
FD0606000;Конфеты;FD0606004;Конфеты шоколадные
FD0606000;Конфеты;FD0606005;Наборы конфет
FD0606000;Конфеты;FD0606006;Орехи,семечки глазированные
FD0606000;Конфеты;FD0606008;Сухофрукты глазированные
FD0606000;Конфеты;FD0606009;Новогодние подарки
FD0606000;Конфеты;FD0606010;Конфеты весовые
FD0606000;Конфеты;FD0606011;Суфле
FD0606000;Конфеты;FD0606012;Желейные
FD0606000;Конфеты;FD0606013;Весовые Ирис
FD0606000;Конфеты;FD0606014;Весовые Карамель
FD0606000;Конфеты;FD0606015;Весовые Шоколадные
FD0606000;Конфеты;FD0606016;Весовые Желейные
FD0606000;Конфеты;FD0606017;Весовые Суфле
FD0606000;Конфеты;FD0606018;Весовые Сухофрукты
FD0606000;Конфеты;FD0606019;Весовые Орехи
FD0607000;Печенье, крекер;FD0607001;Крекер, галеты
FD0607000;Печенье, крекер;FD0607002;Печенье
FD0607000;Печенье, крекер;FD0607004;Крекеры
FD0607000;Печенье, крекер;FD0607005;Тарталетки
FD0607000;Печенье, крекер;FD0607006;Печенье затяжное
FD0607000;Печенье, крекер;FD0607007;Овсяное печенье
FD0607000;Печенье, крекер;FD0607008;Традицион.сахарное
FD0607000;Печенье, крекер;FD0607009;Песочное печенье
FD0608000;Пряники;FD0608001;Пряники
FD0610000;Чипсы;FD0610001;Чипсы картофельные
FD0610000;Чипсы;FD0610003;Чипсы фруктовые
FD0611000;Шоколад, батончики;FD0611001;Батончики шоколадные
FD0611000;Шоколад, батончики;FD0611002;Шоколад плиточный
FD0611000;Шоколад, батончики;FD0611003;Шоколад фигурный
FD0612000;Шоколадные пасты;FD0612001;Шоколадно-орех.пасты
FD0701000;Витамины, добавки для животных;FD0701001;Витамины для животных
FD0702000;Корма для других животных;FD0702001;Корм для грызунов
FD0702000;Корма для других животных;FD0702002;Витамины для других животных
FD0702000;Корма для других животных;FD0702003;Корм для птиц
FD0702000;Корма для других животных;FD0702004;Корм для рыбок
FD0703000;Корма для кошек;FD0703001;Консервы для кошек
FD0703000;Корма для кошек;FD0703002;Лакомства для кошек
FD0703000;Корма для кошек;FD0703003;Сухой корм для кошек
FD0704000;Корма для собак;FD0704001;Консервы для собак
FD0704000;Корма для собак;FD0704002;Лакомства для собак
FD0704000;Корма для собак;FD0704003;Сухой корм для cобак
FD0802000;Вода;FD0802001;Минеральная вода
FD0802000;Вода;FD0802002;Питьевая вода
FD0803000;Напитки, квас, тоник;FD0803001;Квас и квасные нап.
FD0803000;Напитки, квас, тоник;FD0803002;Напитки сл. безалк.
FD0803000;Напитки, квас, тоник;FD0803003;Чайные напитки
FD0803000;Напитки, квас, тоник;FD0803004;Энергетические нап.
FD0803000;Напитки, квас, тоник;FD0803007;Живой квас
FD0803000;Напитки, квас, тоник;FD0803009;Напитки Сладк.н/газ.
FD0803000;Напитки, квас, тоник;FD0803010;Функциональные напит
FD0804000;Пиво;FD0804003;Пиво отечественное
FD0804000;Пиво;FD0804001;Пиво импортное
FD0804000;Пиво;FD0804002;Пиво лицензионное
FD0804000;Пиво;FD0804004;Разливное пиво
FD0804000;Пиво;FD0804005;Сидры
FD0804000;Пиво;FD0804006;Пиво безалкогольное
FD0804000;Пиво;FD0804007;Пиво крафтовое
FD0805000;Соки, нектары;FD0805002;Соки,нектары в пак.
FD0805000;Соки, нектары;FD0805003;Соки,нектары в стек.
FD0805000;Соки, нектары;FD0805004;Морсы, узвары
FD0805000;Соки, нектары;FD0805005;Сокосодержащие нап.
FD0805000;Соки, нектары;FD0805006;Живые соки
FD1101000;Бараночные изделия;FD1101001;Соломка, хл.палочки
FD1101000;Бараночные изделия;FD1101002;Сушки,баранки,бубл.
FD1102000;Пироги, изделия сдобные;FD1102002;Пироги
FD1103000;Сухарные изделия;FD1103001;Сухари
FD1103000;Сухарные изделия;FD1103002;Сухарики
FD1103000;Сухарные изделия;FD1103003;Хлебцы, тосты
FD1104000;Хлеб прочий;FD1104001;Лаваш, лепешки
FD1104000;Хлеб прочий;FD1104004;Сезонный ассортимент
FD1105000;Хлеб пшеничный;FD1105001;Хлеб белый
FD1105000;Хлеб пшеничный;FD1105002;Хлеб белый неупак
FD1106000;Хлеб ржаной;FD1106001;Хлеб черный
FD1106000;Хлеб ржаной;FD1106002;Хлеб черный неупак
FR0401000;Замороженная плодоовощная продукция;FR0401001;Грибы с/м
FR0401000;Замороженная плодоовощная продукция;FR0401002;Картофель с/м
FR0401000;Замороженная плодоовощная продукция;FR0401004;Овощные смеси с/м
FR0401000;Замороженная плодоовощная продукция;FR0401005;Ягоды с/м
FR0402000;Замороженное мясо и субпродукты;FR0402001;Мясо замороженное
FR0402000;Замороженное мясо и субпродукты;FR0402002;Субпродукты с/м
FR0402000;Замороженное мясо и субпродукты;FR0402003;Фарш мясной с/м
FR0403000;Замороженное мясо птицы;FR0403001;Мясо птицы-разд. с/м
FR0403000;Замороженное мясо птицы;FR0403002;Мясо птицы-тушка с/м
FR0403000;Замороженное мясо птицы;FR0403003;Субпрод.из птицы с/м
FR0404000;Замороженные морепродукты;FR0404001;Краб.пал., мясо с/м
FR0404000;Замороженные морепродукты;FR0404002;Креветки
FR0404000;Замороженные морепродукты;FR0404003;Морепродукты с/м
FR0405000;Замороженные полуфабрикаты;FR0405001;Блины с/м
FR0405000;Замороженные полуфабрикаты;FR0405002;Вареники,сырники с/м
FR0405000;Замороженные полуфабрикаты;FR0405004;Наггетсы, филе
FR0405000;Замороженные полуфабрикаты;FR0405005;Котлеты с/м
FR0405000;Замороженные полуфабрикаты;FR0405006;Пельмени
FR0405000;Замороженные полуфабрикаты;FR0405008;Тесто
FR0405000;Замороженные полуфабрикаты;FR0405009;Фарш мясной с/м
FR0406000;Замороженные торты, пирожные;FR0406001;Замор.торты, пирож.
FR0407000;Мороженое;FR0407001;Мороженое семейное
FR0407000;Мороженое;FR0407002;Мороженое в конт.
FR0407000;Мороженое;FR0407003;Мороженое порционное
FR0407000;Мороженое;FR0407004;Торты-морож., рулеты
FR0408000;Рыба замороженная;FR0408001;Рыба с/м тушки
FR0408000;Рыба замороженная;FR0408002;Рыба с/м филе,стейки
FR0408000;Рыба замороженная;FR0408003;Рыбные полуфаб. с/м
FR0409000;Замороженные масложировые продукты;FR0409001;Масло коровье с/м
FR0601000;Десерты;FR0601001;Десерт.молоч.(тепло)
FR0601000;Десерты;FR0601002;Десерты ягодные
FR0601000;Десерты;FR0601003;Снеки молочные
FR0601000;Десерты;FR0601004;Десерты мол.(холод)
FR0603000;Масложировые продукты;FR0603001;Майонез
FR0603000;Масложировые продукты;FR0603002;Маргарин, спреды
FR0603000;Масложировые продукты;FR0603003;Масло коровье
FR0603000;Масложировые продукты;FR0604004;Молочные консервы
FR0603000;Масложировые продукты;FR0604007;Соусы свежие
FR0604000;Молоко;FR0604001;Молоко пастеризов.
FR0604000;Молоко;FR0604002;Молоко стерилизов.
FR0604000;Молоко;FR0604006;Растительные напитки
FR0605000;Сливки;FR0605001;Сливки взбитые
FR0605000;Сливки;FR0605002;Сливки жидк.(тепло)
FR0605000;Сливки;FR0605003;Сливки жидк.(холод)
FR0606000;Сыры;FR0606001;Сыры мягкие
FR0606000;Сыры;FR0606002;Сыры плавленые
FR0606000;Сыры;FR0606003;Сыры рассольные
FR0606000;Сыры;FR0606004;Сыры с плесенью
FR0606000;Сыры;FR0606005;Сыры твердые, п/тв.
FR0606000;Сыры;FR0606006;Сыры творожные
FR0607000;Яйцо;FR0607001;Яйцо куриное
FR0607000;Яйцо;FR0607002;Яйцо перепелиное
FR0608000;Традиц.кислом.прод-ия;FR0608001;Сметана
FR0608000;Традиц.кислом.прод-ия;FR0608002;Творог
FR0608000;Традиц.кислом.прод-ия;FR0608003;Творог зерненый
FR0608000;Традиц.кислом.прод-ия;FR0608004;Творожная масса
FR0608000;Традиц.кислом.прод-ия;FR0608005;Кефир
FR0608000;Традиц.кислом.прод-ия;FR0608006;Нац.кислом. продукты
FR0608000;Традиц.кислом.прод-ия;FR0608007;Ряженка
FR0608000;Традиц.кислом.прод-ия;FR0608008;Творог мягкий
FR0609000;Соврем.кислом.прод-ия;FR0609001;Йогурты свежие
FR0609000;Соврем.кислом.прод-ия;FR0609002;Йогурт питьевой
FR0609000;Соврем.кислом.прод-ия;FR0609004;Йогурты термизир.
FR0609000;Соврем.кислом.прод-ия;FR0609005;Сырки глазированные
FR0609000;Соврем.кислом.прод-ия;FR0609006;Творожные продукты
FR0701000;Колбасные изделия;FR0701001;Ветчина
FR0701000;Колбасные изделия;FR0701002;Колбасы  в/к
FR0701000;Колбасные изделия;FR0701003;Колбасы, хлеб мяс.
FR0701000;Колбасные изделия;FR0701004;Колбасы из субпр.
FR0701000;Колбасные изделия;FR0701005;Колбасы п/к
FR0701000;Колбасные изделия;FR0701006;Колбасы с/в
FR0701000;Колбасные изделия;FR0701007;Колбасы с/к
FR0701000;Колбасные изделия;FR0701008;Снеки мясные
FR0701000;Колбасные изделия;FR0701009;Зельцы, заливные
FR0701000;Колбасные изделия;FR0701010;Паштеты
FR0701000;Колбасные изделия;FR0701011;Сардельки, шпикачки
FR0701000;Колбасные изделия;FR0701012;Сосиски
FR0702000;Копчености из говядины;FR0702001;Копчености из говяд.
FR0703000;Копчености из других видов мяса;FR0703001;Копч. др.видов мяса
FR0704000;Копчености из мяса птицы;FR0704001;Копч. из мяса птицы
FR0705000;Копчености из свинины;FR0705001;Балык
FR0705000;Копчености из свинины;FR0705002;Буженина
FR0705000;Копчености из свинины;FR0705003;Др.виды копч. свин.
FR0705000;Копчености из свинины;FR0705004;Карбонад
FR0705000;Копчености из свинины;FR0705005;Корейка,груд.,бекон
FR0705000;Копчености из свинины;FR0705006;Шейка
FR0705000;Копчености из свинины;FR0705007;Шпиг
FR0706000;Деликатесы;FR0706001;Копч.из говяд.(дел.)
FR0706000;Деликатесы;FR0706002;Копч. др.мяса(дел.)
FR0706000;Деликатесы;FR0706003;Копч.мяса птицы(дел)
FR0706000;Деликатесы;FR0706004;Балык (дел.)
FR0706000;Деликатесы;FR0706005;Буженина (дел.)
FR0706000;Деликатесы;FR0706007;Карбонад (дел.)
FR0706000;Деликатесы;FR0706008;Кор.,груд,бекон(дел)
FR0706000;Деликатесы;FR0706009;Окорок
FR0706000;Деликатесы;FR0706010;Шейка (дел)
FR0706000;Деликатесы;FR0706011;Шпиг (дел)
FR0706000;Деликатесы;FR0706020;Копч.др.мяса(дел)ПР
FR0801000;Мясо и П/Ф охлажденые;FR0801001;Баранина охлажденная
FR0801000;Мясо и П/Ф охлажденые;FR0801002;Говядина охлажденная
FR0801000;Мясо и П/Ф охлажденые;FR0801003;Изделия из мяса ох.
FR0801000;Мясо и П/Ф охлажденые;FR0801005;Свинина охлажденная
FR0801000;Мясо и П/Ф охлажденые;FR0801006;Субпрод.из мяса охл.
FR0801000;Мясо и П/Ф охлажденые;FR0801007;Телятина охлажденная
FR0801000;Мясо и П/Ф охлажденые;FR0801008;Фарш  охлажденный
FR0801000;Мясо и П/Ф охлажденые;FR0801009;Изд.мяса птицы, охл.
FR0801000;Мясо и П/Ф охлажденые;FR0801010;Курица-разделка охл.
FR0801000;Мясо и П/Ф охлажденые;FR0801011;Курица-тушка охл
FR0801000;Мясо и П/Ф охлажденые;FR0801014;Субпродукты из птицы
FR0802000;Собственное производство (Мясные изд.);FR0802001;Баранина маринован.
FR0802000;Собственное производство (Мясные изд.);FR0802002;Баранина мясокостная
FR0802000;Собственное производство (Мясные изд.);FR0802003;Баранина натуральная
FR0802000;Собственное производство (Мясные изд.);FR0802004;Баранина фарш, изд.
FR0802000;Собственное производство (Мясные изд.);FR0802005;Говядина маринов.
FR0802000;Собственное производство (Мясные изд.);FR0802006;Говядина мясокостн.
FR0802000;Собственное производство (Мясные изд.);FR0802007;Говядина натуральная
FR0802000;Собственное производство (Мясные изд.);FR0802008;Говядина фарш, изд.
FR0802000;Собственное производство (Мясные изд.);FR0802009;Мясо др.животных с/п
FR0802000;Собственное производство (Мясные изд.);FR0802010;Птица диетич.,изд.
FR0802000;Собственное производство (Мясные изд.);FR0802011;Птица маринованная
FR0802000;Собственное производство (Мясные изд.);FR0802012;Птица натуральная
FR0802000;Собственное производство (Мясные изд.);FR0802014;Свинина маринованная
FR0802000;Собственное производство (Мясные изд.);FR0802015;Свинина мясокостная
FR0802000;Собственное производство (Мясные изд.);FR0802016;Свинина натуральная
FR0802000;Собственное производство (Мясные изд.);FR0802017;Свинина фарш,изделия
FR0802000;Собственное производство (Мясные изд.);FR0802018;Субпродукты с/пр-во
FR0802000;Собственное производство (Мясные изд.);FR0802019;Телятина маринован.
FR0802000;Собственное производство (Мясные изд.);FR0802020;Телятина мясокостная
FR0802000;Собственное производство (Мясные изд.);FR0802021;Телятина натуральная
FR0802000;Собственное производство (Мясные изд.);FR0802022;Телятина фарш, изд.
FR0802000;Собственное производство (Мясные изд.);FR0802023;Гриль из мяса с/пр-в
FR0802000;Собственное производство (Мясные изд.);FR0802024;Изделия из мяса с/пр
FR0803000;Фарш;FR0803002;Фарш мясной охл
FR0905000;Овощи/Грибы;FR0905001;Грибы свежие
FR0905000;Овощи/Грибы;FR0905002;Перец свежий
FR0905000;Овощи/Грибы;FR0905003;Зерновые, бобовые
FR0905000;Овощи/Грибы;FR0905004;Кабачки, бакл.,тыква
FR0905000;Овощи/Грибы;FR0905005;Капустные
FR0905000;Овощи/Грибы;FR0905006;Томаты свежие
FR0905000;Овощи/Грибы;FR0905007;Наборы овощные
FR0905000;Овощи/Грибы;FR0905008;Огурцы свежие
FR0906000;Овощи/Зелень;FR0906001;Зелень свежая
FR0906000;Овощи/Зелень;FR0906002;Картофель
FR0906000;Овощи/Зелень;FR0906003;Корнеплоды
FR0906000;Овощи/Зелень;FR0906004;Лук
FR0906000;Овощи/Зелень;FR0906005;П/ф овощные свежие
FR0906000;Овощи/Зелень;FR0906006;Проростки
FR0906000;Овощи/Зелень;FR0906007;Салаты зеленые
FR0906000;Овощи/Зелень;FR0906008;Срезанные цветы
FR0906000;Овощи/Зелень;FR0906009;Горшечные цветы
FR0906000;Овощи/Зелень;FR0906010;Морковь
FR0906000;Овощи/Зелень;FR0906011;Чеснок
FR0907000;Фрукты/Ягоды;FR0907001;Яблоки
FR0907000;Фрукты/Ягоды;FR0907002;Ягоды
FR0907000;Фрукты/Ягоды;FR0907003;Соленья
FR0907000;Фрукты/Ягоды;FR0907004;Бананы
FR0907000;Фрукты/Ягоды;FR0907005;Косточковые
FR0907000;Фрукты/Ягоды;FR0907006;Свежевыжатые соки
FR0908000;Фрукты/Экзотика;FR0908001;Виноград
FR0908000;Фрукты/Экзотика;FR0908002;Груши, айва
FR0908000;Фрукты/Экзотика;FR0908003;Дыни, арбузы
FR0908000;Фрукты/Экзотика;FR0908004;П/ф фруктовые свежие
FR0908000;Фрукты/Экзотика;FR0908005;Цитрусовые
FR0908000;Фрукты/Экзотика;FR0908006;Экзотические фрукты
FR1001000;Охлажденные морепродукты, ракообразные;FR1001001;Морепродукты охл.
FR1002000;Рыба живая;FR1002001;Рыба живая
FR1003000;Рыба охлажденная;FR1003001;Рыба стейки охл.
FR1003000;Рыба охлажденная;FR1003002;Рыба тушка охл.
FR1003000;Рыба охлажденная;FR1003003;Рыба филе охл.
FR1004000;Собственное производство (Рыбные изд.);FR1004002;Рыба стейки с/пр-во
FR1004000;Собственное производство (Рыбные изд.);FR1004003;Рыба тушка с/пр-во
FR1004000;Собственное производство (Рыбные изд.);FR1004004;Рыба филе с/пр-во
FR1004000;Собственное производство (Рыбные изд.);FR1004005;Рыбный фарш, изд.с/п
FR1101000;Икра;FR1101001;Икра др. видов рыб
FR1101000;Икра;FR1101002;Икра лососевая
FR1101000;Икра;FR1101003;Икра осетровая
FR1102000;Крабовые палочки и мясо охлажденные;FR1102001;Краб. палочки , мясо
FR1103000;Пресервы;FR1103001;Пресервы морепрод.
FR1103000;Пресервы;FR1103002;Пресервы рыбные
FR1104000;Рыба вяленая, сушеная;FR1104001;Рыба вяленая,сушеная
FR1105000;Рыба копченая;FR1105009;Рыба х/к красн/делик
FR1105000;Рыба копченая;FR1105010;Рыба х/к др.видов
FR1105000;Рыба копченая;FR1105013;Рыба г/к красн/делик
FR1105000;Рыба копченая;FR1105014;Рыба г/к др.видов
FR1106000;Рыба соленая;FR1106001;Рыба соленая
FR1107000;Рыбная кулинария;FR1107001;Масло рыбное,икорное
FR1301000;Птица и П/Ф охлажденые;FR1301001;Изд.из мяса птиц охл
FR1301000;Птица и П/Ф охлажденые;FR1301002;Курица-разделка
FR1301000;Птица и П/Ф охлажденые;FR1301003;Курица-тушка
FR1301000;Птица и П/Ф охлажденые;FR1301006;Субпродукты из птицы
FR1302000;Собственное производство;FR1302001;Птица диет.,изд.птиц
FR1302000;Собственное производство;FR1302002;Птица маринованная
FR1302000;Собственное производство;FR1302003;Птица натуральная
FR1302000;Собственное производство;FR1302004;Птица фарш,изд.фарша
FR1302000;Собственное производство;FR1302005;Гриль из  птицы с/пр
FR1302000;Собственное производство;FR1302006;Изд.из мяса птиц с/п
FR1302000;Собственное производство;FR1302007;Изделия из птицы с/п
